,City,Lat,Lng,Max Temp,Humidity,Cloudiness,Wind Speed,Country,Date
0,tiksi,71.6872,128.8694,-37.02,84,68,1.64,RU,1610598922
1,tosya,41.0155,34.0401,3.23,82,100,1.37,TR,1610598922
2,adre,13.4667,22.2,16.47,30,0,6.83,TD,1610598922
3,kodiak,57.79,-152.4072,-1,86,1,3.57,US,1610598923
4,sault sainte marie,46.5168,-84.3333,0,93,90,2.06,CA,1610598637
5,broome,42.2506,-75.833,-1,80,1,2.57,US,1610598923
6,guaruja,-23.9931,-46.2564,25,26,99,1.47,BR,1610598923
7,palabuhanratu,,,,,,,,
8,ostrovnoy,68.0531,39.5131,-16.26,93,77,10.35,RU,1610598924
9,port alberni,49.2413,-124.8028,2.78,93,68,0.96,CA,1610598925
10,yerkoy,39.6381,34.4672,3.14,84,96,1.48,TR,1610598925
11,anloga,5.7947,0.8973,26,89,20,2.57,GH,1610598925
12,caravelas,-17.7125,-39.2481,22.87,88,0,0.98,BR,1610598925
13,grand centre,,,,,,,,
14,grindavik,63.8424,-22.4338,3,87,20,6.17,IS,1610598926
15,lorengau,-2.0226,147.2712,30.06,65,89,4.4,PG,1610598926
16,albox,37.3886,-2.1495,4.44,64,0,0.45,ES,1610598926
17,chantada,42.6088,-7.7712,4,87,75,2.57,ES,1610598926
18,rio gallegos,-51.6226,-69.2181,10,66,0,2.06,AR,1610598927
19,pangkalanbuun,-2.6833,111.6167,25.01,94,100,1.49,ID,1610598927
20,paamiut,61.994,-49.6678,-5.99,94,100,1.61,GL,1610598927
21,talavera de la reina,39.9635,-4.8308,-1.1,95,41,0.6,ES,1610598927
22,saleaula,,,,,,,,
23,mahebourg,-20.4081,57.7,27,78,40,5.14,MU,1610598928
24,nhulunbuy,-12.2333,136.7667,26,94,75,4.63,AU,1610598647
25,puerto colombia,10.9878,-74.9547,26,83,20,2.57,CO,1610598928
26,kjopsvik,68.097,16.3742,-1.11,80,90,1.03,NO,1610598928
27,ponta do sol,32.6667,-17.1,11.11,57,96,1.34,PT,1610598929
28,boa vista,2.8197,-60.6733,26,73,0,5.66,BR,1610598929
29,ossora,59.2353,163.0719,-22.68,87,100,1.78,RU,1610598929
30,atuona,-9.8,-139.0333,25.43,76,30,4.96,PF,1610598929
31,lubango,-14.9172,13.4925,12.96,56,100,2,AO,1610598929
32,padang,-0.9492,100.3543,30,62,20,0.51,ID,1610598708
33,victoria,22.2855,114.1577,18.33,35,23,0.89,HK,1610598840
34,hagere selam,6.4833,38.5167,11.1,73,90,1.56,ET,1610598930
35,iqaluit,63.7506,-68.5145,-28,76,1,1.54,CA,1610598930
36,newtownards,54.5924,-5.6909,9,87,100,5.66,GB,1610598931
37,gizo,-8.103,156.8419,29.75,70,82,6.11,SB,1610598931
38,henties bay,-22.116,14.2845,20.56,87,100,2.98,NA,1610598931
39,san ramon de la nueva oran,-23.1322,-64.326,23.89,90,92,1.13,AR,1610598931
40,wasilla,61.5814,-149.4394,-0.56,59,90,3.09,US,1610598931
41,ha giang,22.8333,104.9833,22.58,30,0,1.15,VN,1610598774
42,mar del plata,-38.0023,-57.5575,18.33,55,0,4.63,AR,1610598932
43,zhigansk,66.7697,123.3711,-39.89,79,82,5.02,RU,1610598932
44,kortkeros,61.8106,51.5806,-36,75,2,2,RU,1610598932
45,hunza,,,,,,,,
46,thompson,55.7435,-97.8558,-3,100,90,2.06,CA,1610598636
47,vaitupu,,,,,,,,
48,saldanha,-33.0117,17.9442,17,82,0,2.57,ZA,1610598635
49,mandera,3.9366,41.867,25.59,31,13,4.68,KE,1610598933
50,puerto ayora,-0.7393,-90.3518,23.89,94,98,1.34,EC,1610598918
51,tongzi,28.7829,105.0877,12.87,50,0,1.17,CN,1610598934
52,iskateley,67.6803,53.1512,-23.71,85,91,5.26,RU,1610598934
53,mogadishu,2.0371,45.3438,24.96,77,1,8.78,SO,1610598934
54,bridlington,54.0831,-0.1919,1.11,89,100,2.68,GB,1610598670
55,rungata,,,,,,,,
56,krasnyy chikoy,50.3643,108.7512,-17.66,85,48,3.36,RU,1610598935
57,pine bluff,34.2284,-92.0032,6,56,1,2.57,US,1610598936
58,hermanus,-34.4187,19.2345,21.11,87,87,2.24,ZA,1610598936
59,ontario,34.0633,-117.6509,17,27,40,1.54,US,1610598936
60,mackay,-21.15,149.2,30.56,69,23,7.72,AU,1610598647
61,vrangel,42.7297,133.0839,-7.24,78,3,6.71,RU,1610598937
62,nanortalik,60.1432,-45.2371,-1.84,94,100,4.79,GL,1610598937
63,selty,57.3132,52.1345,-20.44,91,100,3.76,RU,1610598937
64,kousseri,12.0769,15.0306,15,33,38,2.06,CM,1610598937
65,kenai,60.5544,-151.2583,-2.22,86,90,2.57,US,1610598938
66,hirara,24.8,125.2833,21,49,40,5.14,JP,1610598938
67,sentyabrskiy,,,,,,,,
68,afanasyevo,,,,,,,,
69,hazro,33.9091,72.4921,12.75,33,77,0.72,PK,1610598939
70,ternate,0.8,127.4,29.71,67,100,2.5,ID,1610598649
71,havre-saint-pierre,50.2334,-63.5986,-6,86,90,3.09,CA,1610598939
72,brae,60.3964,-1.353,4,65,75,8.75,GB,1610598940
73,guilin,25.2819,110.2864,16,39,0,1,CN,1610598762
74,azimur,,,,,,,,
75,mbala,-8.8402,31.3659,15.66,100,100,1.86,ZM,1610598941
76,radford,37.1318,-80.5764,0,69,1,4.12,US,1610598941
77,fiumicino,41.7675,12.2291,5,93,40,4.63,IT,1610598941
78,illoqqortoormiut,,,,,,,,
79,fuerte olimpo,-21.0415,-57.8738,23.14,91,100,1.11,PY,1610598942
80,dakar,14.6937,-17.4441,18,88,0,4.12,SN,1610598942
81,axim,4.8699,-2.2405,25.74,86,100,2.93,GH,1610598942
82,praxedis guerrero,31.3667,-106.0167,11,21,1,3.6,MX,1610598943
83,jingdezhen,29.2947,117.2079,17,29,0,1.78,CN,1610598710
84,flinders,-34.5833,150.8552,32.78,61,16,1.34,AU,1610598943
85,dzerzhinsk,56.2389,43.4631,-16.67,85,90,6,RU,1610598943
86,beringovskiy,63.05,179.3167,-24.01,89,100,4,RU,1610598943
87,yomitan,,,,,,,,
88,sept-iles,50.2001,-66.3821,-5,93,100,1.03,CA,1610598944
89,honiara,-9.4333,159.95,29.65,64,99,2.65,SB,1610598876
90,vanavara,60.34,102.2797,-19.96,90,100,5.95,RU,1610598944
91,babanusah,,,,,,,,
92,torbay,47.6666,-52.7314,-0.56,93,90,3.6,CA,1610598945
93,tilichiki,60.4667,166.1,-31.58,85,2,3.55,RU,1610598945
94,komsomolskiy,40.4272,71.7189,1,69,0,1.03,UZ,1610598945
95,jalu,29.0331,21.5482,10.8,67,44,7.13,LY,1610598945
96,tocopilla,-22.092,-70.1979,19.04,67,35,1.59,CL,1610598946
97,hamilton,39.1834,-84.5333,4.44,65,90,4.12,US,1610598946
98,yorosso,12.3536,-4.7761,19.09,23,0,3.17,ML,1610598946
99,ahuimanu,21.4447,-157.8378,26,69,75,5.14,US,1610598946
100,tasiilaq,65.6145,-37.6368,2,69,75,5.4,GL,1610598947
101,tautira,-17.7333,-149.15,30,62,20,1.54,PF,1610598947
102,okha,53.5739,142.9478,-19.4,87,100,5.36,RU,1610598947
103,abu dhabi,24.4667,54.3667,15,82,0,2.57,AE,1610598732
104,qaanaaq,77.484,-69.3632,-18.93,77,21,1.66,GL,1610598935
105,acapulco,16.8634,-99.8901,25.2,68,22,1.07,MX,1610598940
106,pocosol,10.3667,-84.6167,21,68,0,3.09,CR,1610598948
107,kosh-agach,50,88.6667,-21.48,82,99,0.45,RU,1610598948
108,seymchan,62.8833,152.4333,-35.13,81,100,0.63,RU,1610598948
109,belmonte,-15.8631,-38.8828,25,78,75,3.6,BR,1610598949
110,belle fourche,44.6714,-103.8522,5,35,75,16.46,US,1610598704
111,yarkovo,57.4028,67.0786,-27.89,87,0,2.6,RU,1610598949
112,sadiqabad,28.3062,70.1307,22.64,15,98,0.82,PK,1610598949
113,fasa,28.9383,53.6482,-1,47,0,2.06,IR,1610598950
114,cockburn town,21.4612,-71.1419,25.23,79,7,8.42,TC,1610598950
115,totness,5.8833,-56.3167,24.32,86,75,3.81,SR,1610598950
116,tual,-5.6667,132.75,28.8,71,100,2.04,ID,1610598950
117,ilam,26.9167,87.9167,16.46,47,0,2.16,NP,1610598805
118,methoni,36.8197,21.7049,8.33,81,40,2.57,GR,1610598951
119,beruni,,,,,,,,
120,upernavik,72.7868,-56.1549,-11.56,96,100,6.36,GL,1610598952
121,isangel,-19.55,169.2667,28,89,75,3.6,VU,1610598952
122,half moon bay,37.4636,-122.4286,14.44,94,75,3.09,US,1610598952
123,aksu,41.1231,80.2644,-1.84,66,0,1.6,CN,1610598952
124,makakilo city,21.3469,-158.0858,26,65,90,2.57,US,1610598953
125,tumannyy,,,,,,,,
126,aykhal,66,111.5,-32.83,83,100,4.55,RU,1610598953
127,sabha,27.0377,14.4283,6.35,60,32,3.08,LY,1610598953
128,claveria,18.6074,121.0832,22.79,83,97,6.09,PH,1610598953
129,leningradskiy,69.3833,178.4167,-20.4,91,100,0.79,RU,1610598954
130,salalah,17.0151,54.0924,23,27,40,8.23,OM,1610598954
131,nador,35.174,-2.9287,6,87,0,1.03,MA,1610598954
132,nguiu,,,,,,,,
133,gold coast,-28,153.4333,29.44,54,0,6.69,AU,1610598726
134,ixtapa,20.7,-105.2,18.13,60,100,1.26,MX,1610598936
135,port alfred,-33.5906,26.891,22.55,90,100,8.67,ZA,1610598955
136,broken hill,-31.95,141.4333,29,21,0,6.69,AU,1610598955
137,luwuk,-0.9516,122.7875,30.24,70,80,0.44,ID,1610598955
138,tombouctou,20,-3,15.36,31,0,5.06,ML,1610598956
139,wahpeton,46.2652,-96.6059,2.78,87,40,4.12,US,1610598956
140,luena,-11.7833,19.9167,16.48,97,100,2.08,AO,1610598956
141,kjollefjord,70.9457,27.3465,-1,86,40,9.26,NO,1610598956
142,berdigestyakh,62.0989,126.6992,-38.58,81,77,1.63,RU,1610598957
143,tsihombe,,,,,,,,
144,vitim,59.4511,112.5578,-21.48,87,100,6.75,RU,1610598957
145,liaoyang,41.2719,123.1731,-5,50,57,4,CN,1610598735
146,whitehorse,60.7161,-135.0538,-5,68,20,5.66,CA,1610598957
147,natalinsk,56.4739,57.8698,-22.89,88,64,1.62,RU,1610598958
148,sokoto,13.0609,5.239,17.78,26,0,4.69,NG,1610598958
149,fare,-16.7,-151.0167,27.51,76,58,7.11,PF,1610598958
150,port hedland,-20.3167,118.5667,44,23,0,6.17,AU,1610598958
151,vardo,70.3705,31.1107,-13,85,75,5.66,NO,1610598959
152,grande-riviere,,,,,,,,
153,harper,4.375,-7.7169,25.21,83,45,2.03,LR,1610598959
154,behbahan,30.5959,50.2417,7,81,0,1.03,IR,1610598960
155,ahipara,-35.1667,173.1667,21.61,74,11,3.09,NZ,1610598960
156,morant bay,17.8815,-76.4093,26,78,20,3.09,JM,1610598960
157,yar-sale,66.8333,70.8333,-15.76,90,100,6.07,RU,1610598960
158,adrar,20.5022,-10.0711,14.04,31,24,6.23,MR,1610598961
159,darlowo,54.421,16.4107,0,10,39,4.83,PL,1610598961
160,grand river south east,,,,,,,,
161,esperance,-33.8667,121.9,21,43,99,8.75,AU,1610598961
162,saint-augustin,51.226,-58.6502,-6.77,93,71,2.72,CA,1610598962
163,sonoita,31.85,-112.8333,12.78,20,27,2.65,MX,1610598962
164,hibbing,47.4272,-92.9377,-7,93,1,1.54,US,1610598962
165,bredasdorp,-34.5322,20.0403,20,88,99,4.63,ZA,1610598962
166,saint george,37.1041,-113.5841,6,22,1,0.77,US,1610598923
167,pacific grove,36.6177,-121.9166,15,76,1,2.06,US,1610598963
168,agadez,19.75,10.25,12.57,38,0,3.87,NE,1610598963
169,kulhudhuffushi,6.6221,73.07,26.85,78,95,3.28,MV,1610598963
170,hailar,49.2,119.7,-24.15,84,0,2.24,CN,1610598902
171,tuatapere,-46.1333,167.6833,18.08,73,45,2.01,NZ,1610598964
172,antofagasta,-23.65,-70.4,18,77,75,2.06,CL,1610598964
173,giyon,8.5333,37.9833,15.3,49,92,2.78,ET,1610598964
174,naryan-mar,67.6713,53.087,-23.64,85,90,5.3,RU,1610598964
175,ginda,30.6945,78.4932,14.62,28,84,2.11,IN,1610598964
176,itarema,-2.9248,-39.9167,25.38,82,91,5.08,BR,1610598965
177,rabo de peixe,37.8,-25.5833,16.11,94,75,5.66,PT,1610598965
178,vestmannaeyjar,63.4427,-20.2734,6.58,74,76,6.32,IS,1610598965
179,zhangye,38.9342,100.4517,-3.16,74,51,3.55,CN,1610598759
180,ayan,56.45,138.1667,-21.82,80,92,1.29,RU,1610598966
181,severo-kurilsk,50.6789,156.125,-5.96,84,79,0.59,RU,1610598966
182,muskegon,43.3,-86.1334,3.33,93,90,5.14,US,1610598966
183,emerald,-23.5333,148.1667,34,27,40,6.17,AU,1610598966
184,ketchikan,55.3422,-131.6461,3,93,75,3.09,US,1610598966
185,khatanga,71.9667,102.5,-40.26,80,93,5.08,RU,1610598967
186,vra,57.3476,9.9515,-1.67,86,90,5.66,DK,1610598967
187,alofi,-19.0595,-169.9187,24,94,86,3.09,NU,1610598967
188,manggar,-2.8833,108.2667,26.43,85,100,4.25,ID,1610598850
189,bairiki,1.3292,172.9752,29,74,40,8.23,KI,1610598968
190,talaya,61.3833,152.75,-36.9,80,100,1.03,RU,1610598968
191,aklavik,68.2191,-135.0107,-26,76,90,2.24,CA,1610598968
192,ukiah,39.1502,-123.2078,13.33,94,90,0.65,US,1610598968
193,puerto rico,-26.796,-55.024,23.39,75,1,1.67,AR,1610598969
194,coahuayana,18.7333,-103.6833,23.54,50,98,1.59,MX,1610598969
195,smithers,54.7804,-127.1743,-5,86,75,1.54,CA,1610598969
196,los palmitos,9.379,-75.2677,24.22,69,41,0.95,CO,1610598969
197,phalaborwa,-23.943,31.1411,23,88,4,2.06,ZA,1610598970
198,bay roberts,47.5999,-53.2648,-1.11,89,18,1.74,CA,1610598970
199,oberstdorf,47.4,10.2833,1.67,92,100,0.45,DE,1610598970
200,rawson,-43.3002,-65.1023,19.25,59,91,11.67,AR,1610598970
201,valdivia,-39.8142,-73.2459,7,100,92,0.51,CL,1610598971
202,geraldton,-28.7667,114.6,38,22,16,5.66,AU,1610598717
203,verkhnyaya inta,65.9811,60.3094,-24.79,88,92,6.28,RU,1610598971
204,karauzyak,,,,,,,,
205,husavik,66.0449,-17.3389,3,81,90,2.06,IS,1610598971
206,tommot,58.9564,126.2925,-31.41,80,9,0.13,RU,1610598972
207,korla,41.7597,86.1469,-3.22,76,54,2.43,CN,1610598972
208,brejo,-3.6844,-42.7503,22.67,97,80,1.97,BR,1610598972
209,ibra,22.6906,58.5334,19.74,31,0,1.13,OM,1610598973
210,atlantic city,39.3643,-74.4229,5,93,1,3.96,US,1610598973
211,dingle,10.9995,122.6711,28.15,82,51,6.68,PH,1610598973
212,labuhan,-6.8844,112.2051,30.05,68,100,2.64,ID,1610598973
213,barbar,,,,,,,,
214,christchurch,-43.5333,172.6333,22,68,26,5.14,NZ,1610598795
215,touros,-5.1989,-35.4608,24,88,40,1.54,BR,1610598974
216,karratha,-20.7377,116.8463,41.81,19,25,5.44,AU,1610598974
217,waiouru,-39.4833,175.6667,19.92,69,65,2.01,NZ,1610598974
218,litovko,49.2361,135.1742,-15.29,87,100,2.6,RU,1610598975
219,chuchkovo,54.2693,41.4465,-6.97,97,100,8.66,RU,1610598975
220,kapit,2.0167,112.9333,30.21,60,99,1.94,MY,1610598975
221,mayo,38.8876,-76.5119,1.11,78,1,2.4,US,1610598975
222,vytegra,61.0064,36.4481,-27.02,88,92,3.28,RU,1610598975
223,santa cruz,-17.8,-63.1667,23,94,75,4.63,BO,1610598976
224,nishihara,26.1842,127.7558,20,45,75,2.57,JP,1610598947
225,moctezuma,29.8,-109.6667,11.94,31,0,1.24,MX,1610598976
226,vila franca do campo,37.7167,-25.4333,16.11,94,75,5.66,PT,1610598919
227,srednekolymsk,67.45,153.6833,-27.71,88,100,2.42,RU,1610598977
228,magole,-6.3667,37.3667,21,100,75,0.6,TZ,1610598977
229,linqiong,30.4159,103.4609,12.78,61,0,2,CN,1610598977
230,noumea,-22.2763,166.4572,26,94,90,8.23,NC,1610598603
231,fortuna,40.5982,-124.1573,13.33,100,90,1.48,US,1610598978
232,yulara,-25.2406,130.9889,40,11,0,3.6,AU,1610598978
233,murud,18.3258,72.965,29.87,42,28,1.3,IN,1610598978
234,hambantota,6.1241,81.1185,28,94,75,3.09,LK,1610598978
235,bogande,12.9714,-0.1436,18.82,24,0,3.56,BF,1610598978
236,amderma,,,,,,,,
237,wampusirpi,,,,,,,,
238,merauke,-8.4667,140.3333,30.24,69,60,4.84,ID,1610598979
239,port elizabeth,-33.918,25.5701,20,100,90,6.17,ZA,1610598843
240,san jose de guanipa,8.8872,-64.1651,22.73,75,92,5.42,VE,1610598980
241,ust-kuyga,70.0167,135.6,-40.53,78,37,0.16,RU,1610598980
242,antalaha,-14.9003,50.2788,28.68,71,60,0.45,MG,1610598980
243,goderich,43.7501,-81.7165,2,87,100,1.03,CA,1610598980
244,ambanja,-13.6833,48.45,28,78,40,2.06,MG,1610598981
245,bathsheba,13.2167,-59.5167,25,69,20,8.75,BB,1610598981
246,dolores,-36.3132,-57.6792,14.29,71,0,2.67,AR,1610598981
247,alexandria,31.2156,29.9553,15,77,40,4.12,EG,1610598981
248,saint-joseph,-21.3667,55.6167,29,70,0,1.54,RE,1610598981
249,fukue,32.6881,128.8419,14,62,40,1.54,JP,1610598795
250,newport,51.5877,-2.9984,10,95,100,0.89,GB,1610598974
251,rikitea,-23.1203,-134.9692,25.4,75,92,6.03,PF,1610598982
252,lagoa,39.05,-27.9833,16.34,89,50,6.11,PT,1610598942
253,zuenoula,7.4292,-6.0431,22.09,90,0,1.41,CI,1610598983
254,mehamn,71.0357,27.8492,-1,86,40,9.26,NO,1610598975
255,erdenet,49.0333,104.0833,-20.03,86,68,1.58,MN,1610598856
256,porto santo,33.072,-16.3415,14,67,20,4.63,PT,1610598983
257,constitucion,-35.3333,-72.4167,11.77,73,0,4.98,CL,1610598983
258,kunming,25.0389,102.7183,13.89,57,0,1,CN,1610598980
259,albany,42.6001,-73.9662,-0.56,71,100,1.39,US,1610598984
260,pendra,22.7667,81.95,19.77,24,0,2.34,IN,1610598984
261,jumla,29.2747,82.1838,16.42,20,0,1.99,NP,1610598804
262,carnarvon,-24.8667,113.6333,29,74,33,5.66,AU,1610598968
263,kutum,14.2,24.6667,10.56,44,0,2.31,SD,1610598985
264,eregli,37.5133,34.0467,4.4,74,100,1.21,TR,1610598985
265,georgetown,5.4112,100.3354,29,61,20,4.63,MY,1610598857
266,urumqi,43.801,87.6005,-8,67,87,1,CN,1610598985
267,quime,-16.9833,-67.2167,10.85,75,100,1.38,BO,1610598986
268,waingapu,-9.6567,120.2641,31.11,62,95,3.41,ID,1610598986
269,puro,12.4841,123.3827,26.97,83,100,4.35,PH,1610598986
270,northam,51.0333,-4.2167,10,99,100,5.36,GB,1610598986
271,soe,-9.8607,124.284,26.7,78,93,2.71,ID,1610598987
272,tiarei,-17.5333,-149.3333,30,62,20,1.54,PF,1610598987
273,lake cowichan,48.825,-124.0546,3.33,87,40,2.57,CA,1610598987
274,mendeleyevsk,55.9082,52.2905,-18,85,90,4,RU,1610598987
275,yining,29.0361,114.5636,18.64,28,6,0.72,CN,1610598988
276,coihaique,-45.5752,-72.0662,11,82,0,2.06,CL,1610598988
277,batouri,4.4333,14.3667,15.37,42,61,1.47,CM,1610598988
278,ugoofaaru,5.6667,73,27.02,73,71,2.13,MV,1610598988
279,busselton,-33.65,115.3333,27.93,25,94,5.6,AU,1610598989
280,hun,29.1268,15.9477,7.53,67,0,3.11,LY,1610598989
281,nizhneyansk,,,,,,,,
282,toma,12.7667,-2.8833,20.2,22,0,3.94,BF,1610598989
283,usinsk,65.9939,57.5281,-27.6,85,69,5.23,RU,1610598989
284,coos bay,43.3665,-124.2179,11,87,1,2.06,US,1610598990
285,aracruz,-19.8203,-40.2733,24,83,75,1.03,BR,1610598990
286,poso,-1.3959,120.7524,31,60,93,2.6,ID,1610598990
287,porbandar,21.6422,69.6093,18,63,40,3.09,IN,1610598756
288,bowling green,36.9903,-86.4436,3,70,1,1.54,US,1610598991
289,eyl,7.9803,49.8164,23.63,67,25,9.13,SO,1610598991
290,gonaives,19.45,-72.6833,22.18,81,9,2.19,HT,1610598991
291,hilo,19.7297,-155.09,24,73,1,2.06,US,1610598991
292,bitung,1.4451,125.1824,31,66,40,3.09,ID,1610598991
293,inhambane,-23.865,35.3833,25,100,20,2.76,MZ,1610598992
294,thinadhoo,0.5333,72.9333,27.97,75,24,8.75,MV,1610598992
295,erdemli,36.605,34.3084,12.32,69,100,0.57,TR,1610598992
296,saint anthony,45.0205,-93.218,2,80,1,2.57,US,1610598992
297,ocos,14.5094,-92.1933,17.78,96,0,1.87,GT,1610598993
298,chagda,,,,,,,,
299,samarai,-10.6167,150.6667,29.18,73,100,1.72,PG,1610598993
300,novita,4.9551,-76.6053,23.25,91,100,0.76,CO,1610598993
301,orumiyeh,37.5527,45.0761,1,80,75,1.03,IR,1610598994
302,bintulu,3.1667,113.0333,28,83,40,2.57,MY,1610598850
303,jasper,37.2001,-94.3502,8,49,1,7.2,US,1610598994
304,qui nhon,13.7667,109.2333,21.07,77,94,5.22,VN,1610598788
305,la ronge,55.1001,-105.2842,0,86,100,5.66,CA,1610598994
306,nemuro,43.3236,145.575,1,75,40,6.17,JP,1610598995
307,deputatskiy,69.3,139.9,-36.4,83,95,0.41,RU,1610598995
308,villamontes,-21.25,-63.5,21.02,83,96,1.56,BO,1610598995
309,norman wells,65.282,-126.8329,-17,85,90,3.09,CA,1610598995
310,makinsk,52.6292,70.4169,-23.83,83,0,1.22,KZ,1610598996
311,kampot,10.6167,104.1833,28,42,0,4.12,KH,1610598996
312,balkhash,46.844,74.9804,-23,70,0,6,KZ,1610598996
313,port hardy,50.6996,-127.4199,7,93,90,1.54,CA,1610598714
314,attawapiskat,,,,,,,,
315,yumen,40.2833,97.2,-2.24,67,96,8.39,CN,1610598997
316,mazagao,-0.115,-51.2894,26,94,0,2.06,BR,1610598997
317,sulangan,11.1373,123.7228,27.16,84,22,5.42,PH,1610598997
318,kokopo,-4.352,152.2633,29.98,61,85,2.7,PG,1610598997
319,pevek,69.7008,170.3133,-26.61,89,100,0.6,RU,1610598998
320,havelock,34.8791,-76.9013,9,81,20,2.06,US,1610598998
321,nanding,36.7483,118.0558,10.45,43,0,2.32,CN,1610598998
322,palanpur,24.1667,72.4333,24.4,19,8,2.23,IN,1610598998
323,lata,40.1629,-8.3327,7.22,92,1,0.89,PT,1610598998
324,aripuana,-9.1667,-60.6333,22.97,99,100,0.61,BR,1610598999
325,vaini,-21.2,-175.2,29,89,75,3.6,TO,1610598801
326,hami,42.8,93.45,-5.02,80,69,2.11,CN,1610598999
327,buluang,13.3068,123.3425,26.07,87,100,3,PH,1610598999
328,provideniya,64.3833,-173.3,-16,72,75,3,RU,1610599000
329,vagur,61.4732,-6.8119,4.99,79,100,10.53,FO,1610599000
330,bambous virieux,-20.3428,57.7575,27.78,78,40,5.14,MU,1610599000
331,hede,33.7681,120.2517,13.99,40,0,3.49,CN,1610599000
332,bogorodskoye,56.55,37.8833,-17.4,93,100,6.25,RU,1610599001
333,nadym,65.5333,72.5167,-18.87,86,88,7.88,RU,1610599001
334,taltal,-25.4,-70.4833,17.02,76,47,0.69,CL,1610599001
335,sheltozero,61.3667,35.3667,-18.42,94,100,4.42,RU,1610599001
336,aksarka,66.5606,67.7975,-19.88,87,100,5.33,RU,1610599001
337,iquique,-20.2208,-70.1431,22,60,90,4.63,CL,1610598991
338,luanda,-8.8368,13.2343,24,88,40,1.54,AO,1610599002
339,ballina,-28.8667,153.5667,29,61,0,5.66,AU,1610599002
340,llaillay,-32.85,-70.9667,18,24,20,3.09,CL,1610599002
341,kiunga,-6.1219,141.2906,35.6,45,84,0.55,PG,1610599003
342,myre,69.1036,15.9492,0,100,40,3.6,NO,1610599003
343,cidreira,-30.1811,-50.2056,21.37,71,28,6.64,BR,1610598951
344,souillac,-20.5167,57.5167,27,78,40,5.14,MU,1610598922
345,samalaeulu,,,,,,,,
346,yongan,39.6957,113.6871,2.09,61,100,2.16,CN,1610599004
347,hanna,51.6334,-111.9018,-1.11,60,64,7.6,CA,1610599004
348,bengkulu,-3.8004,102.2655,29.14,61,100,2.27,ID,1610598935
349,genhe,50.7833,121.5167,-23.55,82,70,1.46,CN,1610599004
350,viligili,,,,,,,,
351,bilma,18.6853,12.9164,15.2,48,62,5.98,NE,1610599005
352,tomatlan,19.9333,-105.25,18.39,66,100,1.48,MX,1610599005
353,columbus,39.9612,-82.9988,4,65,90,2.57,US,1610599005
354,mogapi,-22.323,27.8349,21,94,0,2.06,BW,1610599006
355,san cristobal,7.7669,-72.225,16.7,85,97,1.08,VE,1610599006
356,mount isa,-20.7333,139.5,37,22,2,5.66,AU,1610599006
357,el retorno,2.3302,-72.6276,22.33,86,74,1.03,CO,1610599006
358,yerbogachen,61.2767,108.0108,-24.66,88,100,4.95,RU,1610599006
359,laguna,38.421,-121.4238,13.33,76,1,3.6,US,1610598742
360,prince george,53.9166,-122.753,0,64,1,4.63,CA,1610599007
361,remetea,46.7833,25.45,-5.56,82,92,2.47,RO,1610599007
362,byron bay,-28.65,153.6167,28.33,61,0,5.66,AU,1610599007
363,tahta,26.7693,31.5021,14,47,0,3.6,EG,1610599008
364,marfino,55.7028,37.3822,-12.78,78,90,7,RU,1610599008
365,shubarshi,48.5872,57.1869,-15.68,89,97,9.33,KZ,1610599008
366,ruatoria,,,,,,,,
367,foz,43.5692,-7.2544,0,100,17,0.45,ES,1610599009
368,saskylakh,71.9167,114.0833,-43.76,75,64,3.85,RU,1610599009
369,raga,8.4596,25.678,16.62,31,39,1.25,SS,1610599009
370,luderitz,-26.6481,15.1594,18.6,84,95,1.58,NA,1610598940
371,kirkland lake,48.1446,-80.0377,-2,93,34,1.8,CA,1610599009
372,yatou,37.15,122.3833,5.17,69,0,7.49,CN,1610598998
373,severo-yeniseyskiy,60.3725,93.0408,-25.14,89,100,5.99,RU,1610599010
374,rawannawi,,,,,,,,
375,ouro preto do oeste,-10.7481,-62.2158,23.16,95,100,0.28,BR,1610599010
376,sitka,57.0531,-135.33,3,87,90,2.57,US,1610599011
377,lamar,33.6668,-95.5836,7.22,70,1,4.12,US,1610599011
378,loreto,22.2667,-101.9667,9.52,48,97,0.85,MX,1610599011
379,port lincoln,-34.7333,135.8667,18.22,51,16,7.47,AU,1610599011
380,kavaratti,10.5669,72.642,26.67,73,100,2.2,IN,1610598951
381,necochea,-38.5473,-58.7368,13.33,84,5,5.85,AR,1610599012
382,camopi,3.1655,-52.3158,21.41,98,66,0.83,GF,1610599012
383,maiduguri,11.8464,13.1603,14.59,36,0,2.3,NG,1610599012
384,kamenskoye,,,,,,,,
385,gushikawa,26.3544,127.8686,20,49,90,5.66,JP,1610599013
386,tygda,53.1167,126.3333,-23.93,85,11,1.89,RU,1610599013
387,manta,-0.95,-80.7333,26,78,75,2.57,EC,1610599013
388,codrington,-38.2667,141.9667,15.83,74,96,7.25,AU,1610598927
389,manicore,-5.8092,-61.3003,26,94,20,2.06,BR,1610599014
390,lebu,-37.6167,-73.65,12.14,88,1,6.98,CL,1610598965
391,den helder,52.9599,4.7593,2.22,87,90,2.57,NL,1610599014
392,maua,-23.6678,-46.4614,22,83,90,3.09,BR,1610599014
393,hastings,50.8552,0.5729,7.78,91,100,0.45,GB,1610599014
394,lima,-12.0432,-77.0282,21,83,0,5.14,PE,1610599015
395,salisbury,51.0693,-1.7957,10,93,90,5.02,GB,1610599015
396,vanimo,-2.6741,141.3028,29.14,75,87,2.83,PG,1610599015
397,kloulklubed,7.0419,134.2556,29,74,75,4.63,PW,1610599015
398,bluff,-46.6,168.3333,16.35,80,21,2.6,NZ,1610599016
399,larsnes,62.2028,5.5773,-3.89,77,0,2.24,NO,1610599016
400,butaritari,3.0707,172.7902,27.52,79,73,8.29,KI,1610599016
401,prado,-17.3411,-39.2208,22.97,88,0,1.01,BR,1610599016
402,bur gabo,,,,,,,,
403,lincoln,40.8,-96.667,7.78,64,100,0.45,US,1610599017
404,clyde river,70.4692,-68.5914,-20,84,90,3.6,CA,1610598962
405,agirish,61.9247,63.0231,-21.9,85,0,3.01,RU,1610599018
406,kuryk,43.2,51.65,7.27,59,76,16.68,KZ,1610599018
407,tabas,33.5959,56.9244,-1,24,0,1.03,IR,1610599018
408,parkland,47.1554,-122.434,6.11,93,1,1.54,US,1610599018
409,cayenne,4.9333,-52.3333,26,83,0,2.57,GF,1610599019
410,pisco,-13.7,-76.2167,21.11,78,100,0.27,PE,1610599019
411,soyo,-6.1349,12.3689,25.26,78,42,1.93,AO,1610599019
412,blagoyevo,63.3667,47.9167,-26.94,85,10,1.53,RU,1610599019
413,san policarpo,12.1791,125.5072,28.47,69,14,3.24,PH,1610599019
414,casma,-41.0082,-73.1244,12,76,0,2.57,CL,1610599020
415,dikson,73.5069,80.5464,-34.03,82,0,3.09,RU,1610599020
416,warrington,53.3925,-2.5802,5,100,90,4.63,GB,1610599020
417,calama,-22.4667,-68.9333,13,22,0,2.06,CL,1610599020
418,tahoua,14.8888,5.2692,20,21,0,4.12,NE,1610599021
419,lamu,-2.2717,40.902,25.51,81,74,3.95,KE,1610599021
420,longyearbyen,78.2186,15.6401,-7,79,75,4.63,SJ,1610599021
421,belushya guba,,,,,,,,
422,gat,31.61,34.7642,15,100,3,0.89,IL,1610598923
423,ancud,-41.8697,-73.8203,9.44,87,0,1.54,CL,1610599022
424,mataura,-46.1927,168.8643,22.04,58,17,3.42,NZ,1610599022
425,abu samrah,35.3029,37.1841,10.27,83,1,5.2,SY,1610599022
426,inirida,3.8653,-67.9239,22.72,95,95,0.85,CO,1610599022
427,takoradi,4.8845,-1.7554,25.47,87,99,2.54,GH,1610599023
428,chicama,-7.8447,-79.1469,21.21,81,100,2.07,PE,1610599023
429,dahra,36.2546,0.8519,6,87,0,3.09,DZ,1610599023
430,kiama,-34.6833,150.8667,32.78,69,27,5.36,AU,1610599023
431,jose bonifacio,-21.0528,-49.6883,22,83,40,2.57,BR,1610599024
432,bad wurzach,47.9,9.9,0.56,42,100,3.65,DE,1610599024
433,ilulissat,69.2167,-51.1,-4,86,90,5.66,GL,1610599024
434,samusu,,,,,,,,
435,namatanai,-3.6667,152.4333,29.37,67,81,5.48,PG,1610599024
436,maldonado,-34.6667,-54.9167,17,72,0,1.54,UY,1610599025
437,olafsvik,64.8945,-23.7142,4.62,84,55,8.24,IS,1610598925
438,faanui,-16.4833,-151.75,27.72,74,83,7.17,PF,1610599017
439,fort nelson,58.8053,-122.7002,-11,92,75,1.03,CA,1610598969
440,awbari,26.5921,12.7805,6.46,57,37,2.36,LY,1610599026
441,michigan city,41.7075,-86.895,4.44,81,75,3.09,US,1610599026
442,fairbanks,64.8378,-147.7164,-20,77,75,0.51,US,1610599026
443,taolanaro,,,,,,,,
444,dryden,49.7833,-92.7503,-6,93,1,5.66,CA,1610599027
445,jamestown,42.097,-79.2353,3.33,80,75,4.12,US,1610598925
446,tarogong,-7.1902,107.8874,28.51,59,100,0.73,ID,1610599027
447,barentsburg,,,,,,,,
448,verkhnevilyuysk,63.4453,120.3167,-28.35,86,99,3.1,RU,1610599028
449,airai,-8.9266,125.4092,23.16,87,100,0.93,TL,1610599028
450,vazante,-17.9869,-46.9078,21,93,100,1.81,BR,1610599028
451,tokonou,9.65,-9.7833,16.64,41,38,0.95,GN,1610599028
452,cape town,-33.9258,18.4232,21.11,82,0,3.6,ZA,1610599029
453,cap-aux-meules,47.3821,-61.8597,-1,80,100,3.09,CA,1610599029
454,ulaangom,49.9811,92.0667,-18.95,91,100,0.98,MN,1610599029
455,kalcheva,45.7374,28.8141,-1.11,97,92,2.45,UA,1610599029
456,college,64.8569,-147.8028,-20,77,75,0.96,US,1610599030
457,vengerovo,55.6848,76.7471,-26.01,88,80,4.31,RU,1610599030
458,east london,-33.0153,27.9116,21,100,90,4.12,ZA,1610598802
459,castro,-24.7911,-50.0119,17.92,94,98,4.37,BR,1610599030
460,elko,41.0002,-115.5012,5,65,90,1.54,US,1610599030
461,mahibadhoo,3.7833,72.9667,27.72,79,73,6.08,MV,1610599031
462,kuytun,54.3419,101.5036,-19.71,91,100,2.31,RU,1610599031
463,port macquarie,-31.4333,152.9167,32.22,50,10,0.89,AU,1610598803
464,lakes entrance,-37.8811,147.981,21.67,59,19,1.34,AU,1610599031
465,asfi,32.2994,-9.2372,10.14,73,0,5.48,MA,1610599032
466,klaksvik,62.2266,-6.589,4,81,40,10.8,FO,1610599032
467,cabo san lucas,22.8909,-109.9124,15.56,72,24,0.89,MX,1610599032
468,waipawa,-41.4122,175.5153,24,53,50,3.6,NZ,1610599032
469,chara,56.9064,118.2631,-29.39,74,22,0.44,RU,1610599033
470,opunake,-39.4556,173.8583,23.89,79,0,0.89,NZ,1610599033
471,tungor,53.3808,142.9564,-19.49,88,100,5.78,RU,1610599033
472,hualmay,-11.0964,-77.6139,21.12,87,98,2.58,PE,1610599033
473,yeniseysk,58.4497,92.1703,-21.98,89,100,4.15,RU,1610599033
474,egvekinot,66.3167,-179.1667,-23.67,88,100,5.13,RU,1610599034
475,lolua,,,,,,,,
476,avarua,-21.2078,-159.775,28,78,75,6.69,CK,1610598917
477,palafrugell,41.9174,3.1631,4.44,100,0,1.91,ES,1610599035
478,asyut,27.181,31.1837,9,76,0,5.14,EG,1610599035
479,yellowknife,62.456,-114.3525,-11,85,90,4.12,CA,1610599035
480,dolbeau,,,,,,,,
481,sorvag,,,,,,,,
482,wanning,18.8003,110.3967,20.96,57,38,4.07,CN,1610599036
483,umzimvubu,,,,,,,,
484,arkhara,49.4212,130.0842,-23.47,88,22,2.9,RU,1610599036
485,ulladulla,-35.35,150.4667,32.78,61,0,8.75,AU,1610599037
486,baryshivka,50.361,31.3217,-2.22,86,90,1.12,UA,1610599037
487,watsa,3.0372,29.5355,20.99,51,65,0.77,CD,1610599037
488,san patricio,28.017,-97.5169,8,87,1,2.57,US,1610599037
489,chokurdakh,70.6333,147.9167,-30.28,87,100,3.33,RU,1610599038
490,ulaanbaatar,47.9077,106.8832,-23,70,95,1,MN,1610598423
491,agdas,40.65,47.4761,5,93,90,2.06,AZ,1610599038
492,arlit,18.7369,7.3853,16.48,30,0,1.38,NE,1610599038
493,hobart,-42.8794,147.3294,22,37,75,4.63,AU,1610598759
494,poum,-20.2333,164.0167,27.09,85,100,4.77,NC,1610599039
495,bambanglipuro,-7.95,110.2833,29.49,64,100,3.05,ID,1610598946
496,tuktoyaktuk,69.4541,-133.0374,-23,77,90,2.57,CA,1610599039
497,kruisfontein,-34.0033,24.7314,22.22,87,100,1.34,ZA,1610599039
498,omagh,54.6,-7.3,6.76,91,100,4.6,GB,1610599039
499,naze,28.3667,129.4833,18,55,75,5.14,JP,1610599040
500,fallon,39.4735,-118.7774,8.89,65,20,2.57,US,1610599040
501,glenwood springs,39.5505,-107.3248,0,80,90,7.2,US,1610599040
502,opuwo,-18.0607,13.84,18.59,57,89,1.56,NA,1610599040
503,guangyuan,32.442,105.823,6.11,54,0,1.34,CN,1610599041
504,lavrentiya,65.5833,-171,-18.1,92,99,1.38,RU,1610599041
505,beeville,28.4008,-97.7483,7,93,1,3.6,US,1610599041
506,novoagansk,61.9449,76.6625,-21.06,88,59,6.14,RU,1610599041
507,atar,20.5169,-13.0499,15.58,29,100,6.87,MR,1610599042
508,birao,10.2849,22.7882,15.96,31,0,2.4,CF,1610599042
509,do gonbadan,30.3586,50.7981,3,87,0,0.38,IR,1610599042
510,kieta,-6.2167,155.6333,29.67,60,100,2.32,PG,1610599042
511,teresopolis,-22.4122,-42.9656,27.78,73,20,2.06,BR,1610599042
512,lompoc,34.6391,-120.4579,19,87,1,3.54,US,1610598954
513,kahului,20.8947,-156.47,26,65,40,3.09,US,1610599043
514,cap malheureux,-19.9842,57.6142,27.78,73,11,3.13,MU,1610599043
515,beloha,-25.1667,45.05,27.76,69,24,3.64,MG,1610599043
516,khuzhir,53.1939,107.3397,-17.28,86,54,5.1,RU,1610599044
517,san jose,37.3394,-121.895,15,82,40,1.11,US,1610598785
518,ponta delgada,37.7333,-25.6667,16.11,94,75,5.66,PT,1610599044
519,haines junction,60.7522,-137.5108,-17,85,75,1.03,CA,1610599044
520,mapiripan,2.8892,-72.1256,22.98,83,80,2,CO,1610599044
521,jardim,-21.4803,-56.1381,23.11,93,100,0.68,BR,1610599045
522,daru,-9.0763,143.2092,29.48,77,95,2.81,PG,1610599045
523,miajadas,39.1513,-5.9084,2.22,86,0,0.89,ES,1610599045
524,joshimath,30.5667,79.5667,17.82,20,56,0.9,IN,1610599045
525,comodoro rivadavia,-45.8667,-67.5,13,88,0,3.52,AR,1610599046
526,ola,59.5833,151.2833,-23.03,81,86,3.75,RU,1610599046
527,charters towers,-20.1,146.2667,30.27,52,90,4.58,AU,1610599046
528,smirnykh,49.75,142.8333,-15.34,91,100,4.94,RU,1610599046
529,tubruq,,,,,,,,
530,shaunavon,49.6501,-108.4181,-1.83,87,92,17.73,CA,1610599047
531,bolshoye selo,57.7177,38.9334,-20.09,92,100,5.14,RU,1610599047
532,plast,54.3691,60.8136,-26.42,89,86,2.79,RU,1610599047
533,warqla,,,,,,,,
534,mys shmidta,,,,,,,,
535,sao filipe,14.8961,-24.4956,21.71,74,99,5.75,CV,1610598972
536,te anau,-45.4167,167.7167,22.83,42,1,2.56,NZ,1610599048
537,kavieng,-2.5744,150.7967,29.49,70,89,6.24,PG,1610599048
538,evensk,61.95,159.2333,-28.21,74,76,2.59,RU,1610599049
539,baker city,44.7749,-117.8344,-2,74,1,2.57,US,1610599049
540,namibe,-15.1961,12.1522,22.15,70,100,1.2,AO,1610598937
541,hithadhoo,-0.6,73.0833,27.84,76,49,9.28,MV,1610599049
542,selikhino,50.3672,137.4996,-19.82,88,98,2,RU,1610599049
543,lyuban,52.7985,28.0048,-8.18,97,98,2.46,BY,1610599050
544,kaitangata,-46.2817,169.8464,17.22,77,17,4.47,NZ,1610599050
545,pangnirtung,66.1451,-65.7125,-20.53,75,94,0.19,CA,1610599050
546,maniitsoq,65.4167,-52.9,-6.78,95,100,3.99,GL,1610599050
547,teguise,29.0605,-13.564,14,77,0,3.6,ES,1610599051
548,yenagoa,4.9247,6.2642,23.8,92,0,0.37,NG,1610599051
549,hofn,64.2539,-15.2082,5.85,91,100,5.9,IS,1610599051
550,ca mau,9.1769,105.15,28.44,43,47,3.14,VN,1610598898
551,chuy,-33.6971,-53.4616,16.37,67,0,3.37,UY,1610599051
552,zarya,55.7553,38.0958,-12.78,85,90,6,RU,1610599052
553,hay river,60.8156,-115.7999,-8,86,100,7.72,CA,1610599052
554,hasaki,35.7333,140.8333,13.89,44,0,2.57,JP,1610599052
555,marcona,,,,,,,,
556,menongue,-14.6585,17.691,16.5,95,100,0.79,AO,1610599053
557,haines city,28.1142,-81.6179,11.67,93,90,2.57,US,1610599053
558,bury saint edmunds,,,,,,,,
559,ribeira grande,38.5167,-28.7,17.57,83,50,10.88,PT,1610598921
560,san carlos,9.6612,-68.5827,22.14,76,73,1.34,VE,1610599054
561,tekkali,18.6167,84.2333,27.35,54,19,1.49,IN,1610599054
562,bethel,41.3712,-73.414,1.11,86,75,1.64,US,1610599054
563,ampanihy,-24.7,44.75,25.57,78,67,3.45,MG,1610599055
564,lazaro cardenas,17.9583,-102.2,24.58,58,99,1.46,MX,1610599055
565,los llanos de aridane,28.6585,-17.9182,16,63,0,4.12,ES,1610599055
566,lethem,3.3803,-59.7968,24.22,79,89,5.3,GY,1610599055
567,pak phanang,8.3511,100.202,29,74,40,2.06,TH,1610599056
568,chalmette,29.9427,-89.9634,8,71,1,1.54,US,1610599056
569,kapaa,22.0752,-159.319,22,83,75,6.17,US,1610598936
570,umm kaddadah,13.6017,26.6876,17.09,29,0,5.71,SD,1610599056
571,cherskiy,68.75,161.3,-32.22,85,99,1.6,RU,1610599056
572,narsaq,60.9167,-46.05,-2,86,90,2.06,GL,1610599057
573,saint-philippe,-21.3585,55.7679,29,70,0,1.54,RE,1610598953
574,new norfolk,-42.7826,147.0587,22,37,75,4.63,AU,1610599057
575,grand gaube,-20.0064,57.6608,27.78,73,8,3.13,MU,1610599014
576,kovdor,67.5662,30.4758,-22.35,89,100,1.71,RU,1610599058
577,barrow,71.2906,-156.7887,-23,77,1,7.72,US,1610598997
578,turukhansk,65.8167,87.9833,-32.3,84,99,3.09,RU,1610599058
579,port-cartier,50.0334,-66.8654,-5,93,100,1.03,CA,1610599058
580,si sa ket,14.8333,104.3333,27.22,99,0,3.49,TH,1610599058
581,nyurba,63.2842,118.3319,-25.4,87,100,3.8,RU,1610599059
582,volkach,49.8667,10.2333,1.11,78,100,0.89,DE,1610599059
583,north platte,41.1239,-100.7654,8,53,1,5.14,US,1610598845
584,kudahuvadhoo,2.6708,72.8944,27.89,77,65,7.18,MV,1610599059
585,codigoro,44.8311,12.1142,-1.67,94,0,2.76,IT,1610599060
586,kambove,-10.8764,26.5969,17.03,99,100,1.93,CD,1610599060
587,talnakh,69.4865,88.3972,-33.88,77,1,2.99,RU,1610599060
588,veraval,20.9,70.3667,24.77,29,0,2.54,IN,1610599060
589,punta arenas,-53.15,-70.9167,11,82,90,6.69,CL,1610598946
590,arraial do cabo,-22.9661,-42.0278,24.01,90,27,8.3,BR,1610598946
591,moron,-34.6534,-58.6198,21.67,53,0,4.02,AR,1610599061
592,nikolskoye,59.7035,30.7861,-12.78,85,20,3,RU,1610599061
593,krasnoselkup,65.7,82.4667,-21.08,91,100,2.65,RU,1610599061
594,xining,36.6167,101.7667,-0.04,51,11,2.4,CN,1610599062
595,avera,33.194,-82.5271,4,100,40,2.57,US,1610599031
596,yazman,29.1212,71.7446,20.94,16,99,2.28,PK,1610599062
597,ushuaia,-54.8,-68.3,12,66,75,2.02,AR,1610599062
598,cottbus,51.7667,14.3333,-0.56,89,100,2.24,DE,1610599063
599,guerrero negro,27.9769,-114.0611,14.21,55,0,2.63,MX,1610599063
600,tolland,41.8501,-72.3495,-0.56,86,1,2.24,US,1610599063
601,gawler,-34.6,138.7333,23.33,46,0,4.92,AU,1610599063
602,camacha,33.0833,-16.3333,14,67,20,4.63,PT,1610599063
603,portobelo,9.55,-79.65,26.11,85,98,3.58,PA,1610599064
604,muroto,33.2833,134.15,15,47,20,1.54,JP,1610599064
